,Name,Code,Before,Num,Zip,Contact,Address
1,北京轩元生物科技有限公司,59241781,北京市昌平区科技园区超前路37号6号楼4层1232号,1001,102200,$文秀永$15911054135$$,北京北京朝阳双井九龙花园2-C1508
2,北京中鑫汇科软件技术有限公司,783953480,北京市北京经济技术开发区地盛西路1号1幢B区2层B1-207室,1003,100176,$郁景华$13581639569$87128829$,北京经济技术开发区地盛西路1号数码庄园a座
3,北京迅流世纪科技发展有限公司,767537735,北京市朝阳区北四环中路６号峻峰华亭住宅楼Ｄ座５１８室,1004,100029,$侯树明$$58772581$,北京市朝阳区北四环中路６号峻峰华亭住宅楼Ｄ座５１８室
4,北京新天新网科技有限公司,780986826,北京市海淀区中关村东路１２３号１号楼１６０８室,1005,100086,$周碧瑜$$68325129$,北京市海淀区中关村东路１２３号１号楼１６０８室
5,北京复高科技有限公司,784814183,北京市海淀区上地东路5-1号218-11号,1007,100083,$薛拴柱$13683231507$66322337$,海淀南路19号时代网络大厦5026
6,北京天洋精电光伏科技有限公司,78522028,北京市昌平区科技园区火炬街甲１２号２层Ａ２３１４室,1008,102200,$李景升$13701307156$82428096$,北京市 昌平区 定福皇庄宾宾集团1号楼
7,北京九玄科技有限责任公司,306312568,北京市昌平区科技园区振兴路２８号２号楼１０２、１１３房间（昌平示范区）,1010,102200,$高漫华$15201697899$$,北京市昌平区科技园区振兴路２８号２号楼１０２、１１３房间（昌平示范区）
8,国唬ū本）新能源科技发展有限公司,317973740,北京市昌平区科技园区火炬街１０号２幢１０５室,1012,102200,$吕伟$13911056408$$,北京市昌平区科技园区火炬街１０号２幢１０５室
9,北京百年兴业卫星通信科技有限公司,102324823,北京市海淀区上地十街1号院3号楼9层913,1013,100025,$苏东$$82643338$,北京市海淀区学清路１６号学知轩８１２室
10,北京华东森博科贸有限责任公司,666260351,北京市朝阳区利泽中园１０６号楼（望京集中办公区026室）,1014,100102,$王钰洲$$87698021$,北京朝阳区龙爪树南里69号
11,天泰雷兹科技（北京）有限公司,754150929,北京市海淀区中关村南大街31号神舟科技大厦13层1303号,1015,100080,$胡长安$18901103338$82886969$,北京・海淀区北四环西路67号大地科技大厦510室
12,北京奇普嘉科技有限公司,757724000,北京市海淀区上地信息路１号１号楼２２０５室,1016,100085,$林桂明$13910771171$82895767$,北京市海淀区上地信息路1号国际科技创业园1号楼22层
13,北京清能华通科技发展有限公司,765047580,北京市海淀区清华园清华大学36区华业大厦4区4500室,1017,100084,$赵伟国$18610943277$82158827-8020$,北京市海淀区清华园清华大学36区华业大厦4区4500室
14,北京华夏双元教育科技研究院,57331900,北京市昌平区科技园区超前路９号３号楼２３８５号,1018,102200,$武亚洲$13601050037$$,北京市昌平区科技园区超前路９号３号楼２３８５号
15,吉途（北京）汽车智能电子科技有限公司,663734427,北京市海淀区上地三街９号Ａ座６１０,1019,100085,$龙珍$13311551604$62987409$,北京市海淀区上地三街９号Ａ座６１０
16,北京易远诚业信息技术有限公司,554854788,北京市海淀区四季青路8号6层624,1021,100097,$武鸿斌$15639279626$81989392$,北京市海淀区四季青路8号6层624
17,北京明全利电源技术有限公司,68359437X,北京市丰台区槐树岭４号院９７幢４１５室,1022,100073,$李美慧$13910267080$13910267080$,北京市丰台区永外南顶路２２号５号楼２１８室
18,北京华微科技有限公司,749393782,北京市昌平区科技园区创新路１５号,1023,102200,$陈君敏$13801058181$$,北京市海淀区海淀南路11号楼北侧写字楼A209号
19,北京信通融华信息技术有限公司,764225664,北京市昌平区科技园区白浮泉路10号北控科技大厦1104A室,1024,102200,$孙宝华$13051311119$$,"
北京市海淀区中关村南大街32号中关村科技发展大厦A座三层"
20,网讯创智（北京）科技有限公司,753303540,北京市海淀区北洼路90号16号楼一层1048室,1025,100080,$李朝阳$15811081278$63141289$,北京市海淀区北四环西路９号２１０８Ｐ８
21,北京文新博创科技有限责任公司,76845136X,北京市海淀区西三环北路50号院6号楼1707,1026,100036,$齐向彬$13718912669$68483059$,北京市海淀区西三环北路50号院6号楼1707
22,北京格里芬投资管理有限公司,589100353,北京市西城区郎琴国际B座815室,1027,100055,$茅荣$18811042341$$,北京市西城区郎琴国际B座815室
23,北京阿卡科技有限公司,780215175,北京市海淀区安宁庄西路15号怡美家园20号楼304室,1028,100085,$李卓桓$13911833788$82758205$,北京市海淀区林业大学北路北侧清枫华景园１栋２单元６０２室。
24,北京海秀奥特科技有限公司,71740698,北京市昌平区科技园创新路7号2号楼2268号,1030,102208,$董秀海$13301282757$$,北京昌平回龙观西大街35号院3号楼上北鑫座541
25,北京品驰软件开发有限公司,306451592,北京市昌平区科技园区创新路７号２号楼２３５２号（昌平示范区）,1031,102200,$吴峰$15901094916$60736388-632$,北京市昌平区科技园区创新路７号２号楼２３５２号
26,北京汉世康元科技有限公司,64918507,北京市海淀区清华大学学研综合楼C106-6号,1032,100084,$文雄伟$13488875203$60736388$,北京市海淀区清华大学学研综合楼C106-6号
27,乡果（北京）农业发展有限公司,565813279,北京市昌平区科技园区超前路35号北京化工大学科技园综合楼118-9室,1037,102200,$纪云鹏$18611047328$$,北京海淀紫竹桥紫竹院路98号化工大学3号
28,北京金色波涛科技有限公司,797581614,北京市石景山区八大处高科技园区西井路3号3号楼5561房间,1038,100041,$陆川$13901093065$$,北京市石景山区八大处高科技园区西井路3号3号楼5561房间
29,北京瀚翔沐泽科技有限公司,748817512,北京市昌平区科技园区超前路9号B座2137室,1039,102200,$隋欣$13552644011$82700558$,北京市昌平区科技园区超前路9号B座2137室
30,北京和创世纪通信技术有限公司,762165311,北京市海淀区大柳树路17号富海中心4号楼11D（东）号,1040,100080,$刘毅$13651276425$62132647$,"北京市海淀区东升园公寓９号楼１２０１号。
北京市海淀区大柳树路17号富海中心4号楼1104室"
31,北京银辉生化科技有限公司,777063676,北京市海淀区上地十街辉煌国际5号楼1312,1041,100085,$银小龙$18611398425$62962851$,北京市海淀区上地信息路26号国家留学人员创业园中关村创业大厦701室
32,北京科空海监控技术有限公司,763532339,北京市海淀区高里掌路1号院15号楼3层2单元301室-682号,1042,100088,$杜维$18611157005$62010197$,"海淀区花园路6号B座628
北京市海淀区北京市海淀区中关村南大街48号九龙商务中心"
33,北京恒大蓝天能源环保设备有限公司,554811585,北京市昌平区昌平科技园区星火街６号１层１０１室,1043,102200,$刘景瑞$18911092100$59163156$,?北京市昌平区昌平科技园区火炬街甲12号?
34,北京万众生能源科技发展有限公司,660526315,北京市丰台区科技园富丰路４号１９Ｂ０６,1045,100070,$康健$13901152077$63724469$,北京市丰台区科技园富丰路４号１９Ｂ０６
35,博大铭航（北京）信息技术有限公司,30679902X,北京市海淀区善缘街1号3层2-225,1046,100080,$董凤全$15330098338$64776466$,北京市海淀区善缘街1号立方庭大厦2-225
36,北京运通仪器公司,102670611,北京市昌平区西关槐树巷甲３号,1047,102200,$刘柱堂$13601386348$82841141$,北京市 北四环中路6号华亭嘉园B座1-B
37,北京中桂青畜牧科技有限公司,306335321,北京市昌平区马池口镇昌流路738号16号楼222室,1048,102200,$黄桂青$13997614903$13691104847$,北京市昌平区马池口镇昌流路738号16号楼222室
38,北京久通在线科技发展有限责任公司,774066265,北京市朝阳区安慧里四区15号楼院2号楼Ⅰ段520室,1049,100080,$张亚平$$84458068$,北京市海淀区海淀南路19号北京时代网络大厦4层4021号
39,北京东方科进技术服务中心,633793709,北京市海淀区阜成路67号银都大厦1402室,1050,100142,$邬勉$$68725599$,北京市海淀区阜成路67号银都大厦8层
40,北京爱姆泰克科技有限公司,95179188,北京市昌平区回龙观镇科星西路106号院美唐花园3号楼714,1051,102200,$尤林平$18910188296$61784408$,北京市昌平区回龙观镇科星西路106号院美唐花园3号楼714
41,北京海卓力金液压技术有限公司,696325646,北京市西城区教场口街1号18幢119室（德胜园区）,1053,100011,$陈奕泽$18610046916$60775912$,北京市昌平区马池口镇白浮659号
42,太极华方（北京）系统工程有限公司,76625897X,北京市昌平区科技园区中兴路10号,1054,102200,$刘雪明$$80116292$,"北京市北京市海淀区北四环中路211号太极大厦4F
"
43,北京速德贝斯科技有限公司,74134124,北京市昌平区科技园区超前路３５号北京化工大学科技园综合楼１１８－５室,1055,102200,$李元平$13522609714$69747087$,北京市昌平区科技园区超前路３５号北京化工大学科技园综合楼１１８－５室
44,鼎石通达信息技术（北京）有限公司,790653849,北京市海淀区中关村东路18号1号楼C511,1056,100086,$钟振华$13860383577$62135126$,北京市海淀区北三环西路43号青云当代大厦十七层1707-1
45,科雁方舟智能控制技术（北京）有限公司,783222821,北京市海淀区清华东路35号眷9楼1门202（住宅）,1057,100080,$秦科雁$13911322898$81723938$,北京市海淀区海淀南路３１号院１号楼３门５层１号?
46,北京快钱在线电子商务有限公司,76590254,北京市昌平区科技园区创新路７号２号楼２１１９号,1058,102200,$张海河$13401007708$53661120$,"
北京市昌平区科技园区创新路7号2号楼2119号"
47,北京合歌科技有限公司,556861471,北京市海淀区厢红旗东门外1号17号楼,1061,100091,$赵明$13910611905$$,北京市海淀区花园东路30号花园商务会馆6201、6202
48,北京振华环控科技开发有限公司,666921252,北京市海淀区大柳树富海中心3号楼8层805,1063,100085,$商文明$13815548009$62156106$,"北京市海淀区上地信息产业基地北区5号地22层B座2209号
北京市海淀区大柳树富海中心3号楼8层805."
49,北京惠信博思技术有限公司,68692002X,北京市东城区东四十条甲22号1幢A707,1064,100007,$胡庆刚$13510189132$51690451$,北京市东城区东四十条甲22号1幢A707
50,北京赛华源科技有限公司,661564989,北京市海淀区大慧寺19号一号楼办公楼510房间,1065,100083,$陈盘勤$18901184401$80924401$,北京市海淀区大慧寺19号一号楼办公楼510房间
51,北京阳光新天地广告有限公司,741554430,北京市朝阳区大屯路科学园南里-风林绿洲I乙号楼2204号（电子城科技园集中办公区062号）,1066,100026,$王德本$$58631736$,"北京市朝阳区雅宝路１０号５０１室
北京市朝阳区西大望路甲23号珠江帝景12号楼2605室"
52,北京网贝信息技术有限公司,721473959,北京市海淀区建材城东二里8号楼8-12-601,1067,100096,$周雯$13601337359$82950246$,"北京市海淀区清华大学学研大厦Ａ９１１室
北京市海淀区建材城东二里8号楼8-12-601"
53,天科通信息技术有限公司,743343194,海淀区学院路6号3号楼508室,1068,100083,$李治云$18710143035$82395666$,北京市海淀区学院路１４号富润家园３号3号楼508室
54,北京时代华辰科技发展有限公司,768457163,北京市海淀区四道口路11号银辰大厦403室,1069,100088,$冯文龙$13601159950$65432168$,"
北京市海淀区四道口路11号银辰大厦403室"
55,北京空间声科技贸易有限公司,721469693,北京市海淀区双榆树东里2号楼3门502室,1070,100086,$王幼庚$$13910790234$,北京市海淀区双榆树东里2号楼3门502室
56,北京国健伟业生物技术有限公司,740432810,北京市海淀区大慧寺５号３号楼520室,1071,100081,$张勇$13301202667$010-62177304$,北京市海淀区大慧寺５号３号楼一层１０３、１０４室
57,北京菲沃德科技发展有限公司,661590466,北京市海淀区中关村北二条乙5号17号楼312室,1072,100080,$王开利$13810487946$62658315$,北京市海淀区中关村北二条乙5号17号楼312室
58,北京天星华夏体育科技有限公司,697656463,北京市丰台区科技园海鹰路６号院１９号楼东二层（园区）,1076,100070,$于红林$13801035114$$,北京市丰台区科技园海鹰路６号院１９号楼东二层（园区）
59,北京科益创新环境技术有限公司,62773738,北京市海淀区龙岗路51号院7号楼2层12室,1077,100086,$彭建雄$18611145155$52779273$,北京市昌平区二拔子龙祥制版集团工业园2号院
60,北京百润水艺环境工程技术有限公司,718775200,北京市海淀区四季青乡曙光花园望山园1号楼A座11F,1078,100081,$丁文铎$13161766101$88465811$,"海淀区三虎桥南路17号院6号楼（北京工业大学留学生创业园）511室
"
61,北京卡亲科技发展有限公司,599686482,北京市石景山区八大处高科技园区西井路３号３号楼１２７５Ａ房间,1079,100013,$韩星$15601231296$$,"
北京市石景山区八大处高科技园区西井路３号３号楼１２７５Ａ房间"
62,贝伦钢结构建设工程有限公司,735580034,北京市海淀区永丰乡高新技术产业基地永腾北路,1080,100094,$马静$$88488306$,"
北京市海淀区永丰高新技术产业基地丰德中路13号"
63,中能环康科技（北京）有限公司,789995593,北京市海淀区学院路30号科大天工大厦A座4层05室,1081,100088,$郭羽佳$13691351466$62156001-808$,北京市海淀区联慧路９９号１号楼Ｃ单元Ｃ１９０２号
64,和万家（北京）科技有限公司,64926953,北京市丰台区富丰路２号２－２１幢１５层１５０６,1082,100070,$胡永红$18911839212$$,北京市丰台区富丰路2号星火科技大厦1806-1807室
65,北京智讯康科技有限公司,580892112,北京市昌平区科技园区超前路９号３号楼Ｂ座２３２０室,1085,102200,$贾东初$13601095626$69721719$,北京市昌平区科技园区超前路９号３号楼Ｂ座２３２０室
66,北京森乐光电技术研究所,801982403,北京市海淀区学清路18号办公楼主楼1103室,1086,100083,$杨永清$13521033819$010-82413208$,北京市海淀区学清路18号办公楼主楼1103室
67,北京安诚永信科技有限公司,796738595,北京市朝阳区百子湾337号1205室,1087,100022,$安英斌$13910111150$87213057$,"北京市朝阳区朝阳中路大成国际大厦0903室
"
68,北京杰宇鸿远科技有限公司,593850202,北京市昌平区回龙观镇文华东路33号楼201,1088,102200,$吴美宫$13601373444$$,北京市昌平区回龙观镇文华东路33号楼201
69,北京莱茵阳光科技有限公司,697734513,北京市昌平区东小口镇天通苑五区9号楼1门,1089,102200,$刘亚勋$18610631199$84766933$,北京市昌平区北京市昌平区科技园区创新路27号
70,北京艾科丹迪仪表有限责任公司,85497107,北京市昌平区科技园富康路１８号４２２室,1092,102200,$孙德芳$15901105060$$,北京市昌平区科技园富康路１８号４２２室
71,北京子夫科技发展有限公司,318046041,北京市昌平区科技园区创新路7号2号楼A131,1096,102200,$张文荣$15910386528$$,北京市昌平区科技园区创新路7号2号楼A131
72,北京西格东方医疗电子技术有限公司,634398305,北京市石景山区海特花园22-2-101,1100,100041,$刘华松$$63559973$,?北京市石景山区八大处高科技园区实兴大厦４４３７室
73,北京中润里程安全科技有限公司,77336800X,北京市海淀区长春桥路５号新起点嘉园８号楼１０１２号,1101,100089,$陈朗$13701092246$68912764$,北京?海淀区长春桥路5号新起点嘉园8号楼1012号
74,金宇波科技（北京）有限公司,767518702,北京市海淀区复兴路33号翠微大厦东塔1013室,1102,100036,$余克飞$$68179067$,北京市海淀区花园北路甲４０号３０５室
75,北京北大德力科化学公司,102035335,北京市海淀区北京大学新化学楼西区１１１号,1105,100871,$姚瑞刚$$62751705$,"
北京市海淀区北京大学新化学楼西区１１１号"
76,北京洪恩成长教育科技有限公司,684373659,北京市海淀区上地东路１号院１号楼７０２-０１９,1107,100085,$池寒峰$13811817987$52043982$,北京市海淀区上地东路1号院1号楼702
77,北京水木清艺数码科技有限公司,61279412,北京市昌平区回龙观镇立业路８号１幢４层４１３,1109,102206,$朱永中$13801000528$13801000528$,北京市昌平区回龙观镇立业路8号1幢4层413
78,英基迈科（北京）科技有限公司,765021743,北京市朝阳区酒仙桥路2号院内（707厂）【5－4】2号楼一层123号,1110,100015,$李昌玲$13701013716$64316245$,北京市朝阳区酒仙桥路2号（707厂）【5－4】2号楼一层123号
79,北京诺杰神骥科技发展有限公司,793429391,北京市西城区新街口外大街２８号Ａ座５２２室（德胜园区）,1111,100088,$陈铁$13701114321$82051103$,北京市西城区新街口外大街28号A座522室(德胜园区）
80,北京捷波通讯技术研究所,102671745,北京市昌平区科技园区超前路9号B座2156室,1113,100101,$俞海明$13910779369$64931636$,"北京市昌平县城区镇创新路１７号
"
81,北京盛来国际新能源科技有限公司,59241386,北京市昌平区科技园区超前路37号6号楼4层1227号,1116,100096,$李昕昊$13901063088$$,"北京市昌平区建材城西路87号2号楼15层1单元1505室 
北京市昌平区科技园区超前路37号6号楼4层1227号"
82,尊信恒国际教育科技（北京）有限公司,754155201,北京市海淀区西三环北路105号东一区首都师范大学科技园402室,1118,100048,$郭天鸣$13910609951$68902922$,"北京市海淀区北四环中路238号柏彦大厦1309室
北四环中路238号柏彦大厦1309室
北京市海淀区西三环北路105号东一区首都师范大学科技园402室"
83,北京吉福能源科技开发有限公司,306487958,北京市昌平区科技园区振兴路２８号２号楼３Ａ２３室,1119,102200,$刘琳$15001356358$$,北京市昌平区科技园区振兴路28号2号楼3A23室
84,北京北控昌祥污水净化有限公司,396038231,北京市昌平区科技园区中兴路１０号Ｃ２０２室,1120,102200,$张铁夫$$18600440012主要负责人$,"北京昌平区沙河镇于辛庄村
北京市昌平区科技园区中兴路１０号Ｃ２０２室"
85,北京东方新材科技有限公司,763516275,北京市海淀区上地三街9号C座C1112室,1121,100085,$徐健$13801065062$13801065062$,"北京昌平区回龙观龙冠大厦330室
北京昌平区沙河七里渠南村村南
北京市海淀区上地信息产业基地三街九号金隅大厦D座901室"
86,北京成吉源科技有限公司,777080521,北京市海淀区上地村甲50号3号楼2门三层301室,1122,100085,$张忠$13670095602$81728417$,"北京市海淀区上地村甲５０号３号楼２门
北京市海淀区上地村甲50号3号楼2门三层301室"
87,北京同创新明科技有限责任公司,30632995X,北京市昌平区科技园区创新路７号２号楼２３３３号,1123,102200,$裘英$13651275861$$,北京市昌平区科技园区创新路7号2号楼2333号
88,北京三信通电子工程技术有限责任公司,102691797,北京市昌平区科技园区超前路9号B座2167室,1126,102200,$杨冬$13901085251$82671702$,"北京市昌平县城区镇创新路17号
北京市昌平区科技园区超前路9号B座2167室"
89,北京艾博融信科技有限公司,694982757,北京市朝阳区利泽中园106号楼（望京集中办公区132号）,1127,100102,$马艳$13601282112$64392831$,北京市朝阳区利泽中园106号楼304A-14号
90,北京亚星基业技术开发有限公司,802221171,北京市丰台区桥南帝京路3号院2号楼2门101（园区）,1128,100070,$施新民$13910883487$67104446$,丰台区丰台路92号112室
91,北京桑莱注册安全工程师事务所有限公司,735100213,北京市西城区教场口街1号1号楼317室,1130,100120,$康萍$$010-62382040$,"
北京市西城区教场口街1号317(（北京机械工业自动化研究所院内）)"
92,北京智博信发电子技术有限公司,753329636,北京市海淀区知春路56号西区64楼3004,1131,100089,$张健$13901122744$62304243$,"
北京市海淀区知春路56号西区64楼3004"
93,北京广联智能科技有限公司,573240175,北京市昌平区科技园区超前路５号４幢Ａ座６０２室,1132,102200,$陈仲钱$$69702958$,北京市昌平区科技园区超前路５号４幢Ａ座６０２室
94,北京东方龙信合成化学技术有限公司,700111908,北京市丰台区南苑大队九队队部五爱屯东街187号,1134,100071,$于文胜$$84042566$,"北京市丰台区丰台镇北大地三里16号院6楼1门401号
"
95,北京北控昌沙污水净化有限公司,39603824X,北京市昌平区科技园区中兴路１０号Ｃ２０３,1135,102206,$张铁夫$18600440012主负责人$61703608$,"
北京市昌平区科技园区中兴路１０号Ｃ２０３"
96,北京博纳环能技术有限公司,758741929,北京市海淀区牡丹园北里甲１号楼西２００５号,1136,100191,$董为民$13501013422$62082900$,"
北京市海淀区牡丹园北里甲１号楼西２００５号"
97,北京中科捷高光电科技有限公司,746741323,北京市朝阳区望京西园222号楼D-1803室,1137,100102,$黄爱国$13801293532$52078359$,"北京市海淀区阜外亮甲店1号中澳写字楼336室
"
98,北京优诺凯尔科技有限公司,89636266,北京市海淀区花园路2号牡丹园创业楼1522室,1139,100086,$陈辰$13261613117$$,北京市海淀区花园路2号牡丹园创业楼1522室
99,北京时代全芯科技有限公司,696333507,北京市北京经济技术开发区景园北街2号BDA国际企业大道60栋11层,1140,100176,$张龙$13901128022$$,"北京市北京经济技术开发区宏达北路12号A座1区2层217室
"
100,北京格林菲德科技发展有限公司,79998189X,北京市昌平区科技园区超前路３７号,1142,102200,$杜庆华$13501358024$89715325$,北京市昌平区科技园区超前路37号
101,北京科美鑫云生物技术有限公司,318042737,北京市昌平区科技园区创新路７号２号楼２４３７号,1147,102200,$黄红丽$18911797595$$,北京市海淀区永丰基地丰贤中路7号
102,北京正兴筑业木屋有限公司,558522414,北京市昌平区科技园区超前路３７号１号楼４层,1148,102200,$张兴$18611258088$$,"
北京密云县新南路46号华冠大厦421室"
103,北京树沙文化传播有限公司,667542772,北京市朝阳区建国外大街１７号２８号楼３０８室,1149,100022,$乐黎静$18601135689$63559342$,北京市朝阳区建国外大街１７号２８号楼３０８室
104,北京普康益达生物科技有限公司,317923380,北京市昌平区昌平镇科技园区超前路甲１号１７号楼２０２,1152,102200,$臧文达$13701376818$$,北京东城区安德路甲61号2号楼红都商务中心
105,北京水木亿能科技有限公司,317953408,北京市昌平区科技园区超前路３５号北京化工大学综合楼１１８－１８室,1155,102200,$刘亚$13520501554$89787191$,北京市昌平区科技园区超前路３５号北京化工大学综合楼１１８－１８室
106,进化时代科技（北京）有限责任公司,318070535,北京市海淀区中关村东路1号8号楼1层CG05-132号,1156,100000,$程鸾$18911617559$13614677463$,"
北京市海淀区知春路甲48-3号盈都大厦C座1单元7D"
107,北京中创英泰应用科技有限公司,740439211,北京市海淀区蓝靛厂东路2号院2号楼（金源时代商务中心2号楼）1单元（A座）18C,1158,100097,$周庆华$13501068849$88895335$,北京市海淀区中关村南大街６号中电信息大厦１２１２室
108,北京成阳科技有限责任公司,772571145,北京市海淀区稻香园7号楼1906室（住宅）,1159,100080,$夏军$13651081110$62537993$,北京市海淀区稻香园7楼1906室
109,北京良材无忧科技有限公司,575185608,北京市昌平区科技园区超前路５号产业基地４栋３层３２４室,1160,102200,$赵霞$$64476819$,北京市昌平区科技园区振兴路28号2号楼310室
110,北京开利晶源科技有限公司,789976739,北京市海淀区双榆树东里７号楼２０８号,1162,100086,$刘树民$13901132973$$,北京市海淀区双榆树东里７号楼２０８号
111,北京市中盛金期投资管理有限公司,733450551,北京市丰台区科学城中核路1号03号421室,1163,100070,$王海山$13659297073$83681336$,北京市丰台区科学城中核路1号03号421室
112,北京恒生然建材科技有限公司,672387631,北京市丰台区科学城星火路１０号１号楼４７７室（园区）,1166,100070,$许小虎$13901137306$021-62116656$,北京市丰台区方庄南三环东路25号309
113,北京中农润丰生物科技有限公司,670576279,北京市海淀区上地信息路1号2号楼604,1167,100080,$宋庆义$13601378461$82827520$,北京市昌平区沙河镇沙阳路11号北京地质调查研究院北邻
114,北京泰顺和信息咨询有限公司,634398444,北京市石景山区八宝山地铁北侧博古艺苑工艺品市场中心A区1号,1168,100043,$吴楠$$13501214694$,北京市石景山区八大处高科技园区实兴大厦４４３３室
115,北京天地健生态科技有限公司,747529463,北京市海淀区太阳园9号楼1701室,1169,100098,$郭峰宇$13691300939$13701039753$,北京市昌平区北七家镇鲁疃工业园
116,北京克拉通能源科技有限公司,758242054,北京市海淀区安宁里小区5塔904号,1170,100085,$夏强$17710115598$62959336$,北京市海淀区安宁里小区5塔904号
117,北京成铭京昌机械制造有限公司,770439837,北京市昌平区南邵镇纪窑村南岩棉厂内,1171,102200,$纪成明$$60731865$,北京市昌平区南邵镇纪窑村南岩棉厂内
118,北京天东信息技术有限公司,778638937,北京市海淀区西土城路１０号第四实验工厂东平房,1172,100083,$李极冰$13366908226$62286778$,北京市海淀区西土城路１０号第四实验工厂东平房
119,北京网泽科技有限公司,750117531,北京市海淀区清河西三旗东200米2号楼2140室,1173,100085,$贾宏宇$$13501028271$,北京市海淀区西三旗清河安宁庄路18号无忧港307
120,北京城院正达科技开发有限公司,792130558,北京市海淀区北四环中路269号1号楼一层115室,1174,100084,$傅正泰$13910963247$82565090$,北京市海淀区北四环西路９号１号楼一层１１５室?
121,北京千年福医药科技有限公司,802034704,北京市海淀区西郊半壁店59号12号楼一层1688室,1175,100039,$胡建辉$13910758157$68430919$,北京市海淀区白石桥路甲４２号办公楼１００１房间
122,北京中海天霖创新科技有限公司,697652948,北京市昌平区科技园区创新路7号2号楼2542号,1176,102200,$梁治国$13901206875$69756667$,北京市昌平区北七家镇王府街32号顺玮阁大酒店二层
123,北京利康绿色医药生物技术研究所,802650822,北京市昌平区科技园区超前路9号B座2049室,1177,102200,$谢春生$13801008859$52568779$,北京市昌平区崔村镇西辛峰南工区10号 
124,北京欧科利技术发展有限公司,772563815,北京市海淀区西翠路5号今日家园12号楼1701室,1178,100039,$郝晓辉$$88283213$,北京市海淀区西翠路5号今日家园12号楼1701室
125,北京达源堂科技发展有限公司,663132821,北京市海淀区创业中路32号楼32-3-4110,1180,100085,$任忠义$13810780777$85866120$,北京市海淀区创业中路32号楼32-3-4110
126,北京中恒盾科技有限公司,684360903,北京市石景山区五里坨炮厂5-3-101,1181,100043,$崔原蕊$13611388956$88916428$,?北京市石景山区古城西街19号研发楼2-220室
127,北京中明和远环保科技有限公司,556877895,北京市海淀区中关村大街49号9号楼503室,1182,100031,$孙学忠$18811052260$88145158$,北京市海淀区 中关村大街49号大华科技商厦A-503
128,北京兴星伟业生态环境工程技术有限公司,802030260,北京市海淀区阜成路28号航医楼十四层1408房,1183,100089,$薛兴民$13910100898$68918857$,北京市海淀区厂洼街5号院博越商务楼6616室
129,北京中航非凡设备工程有限责任公司,793413066,北京市昌平区回龙观镇高新三街2号,1184,102200,$李巧$13901052987$62038261$,北京市? 北京市昌平区科技园区白浮泉路13号三层310室
130,北京亚天利电力技术发展有限公司,666934600,北京市昌平区十三陵镇泰胡路12号,1186,102200,$姚泳$13901123034$62053090$,北京市海淀区中关村大街１８号楼３Ａ０４５室?
131,北京中光电力设备公司,102195208,北京市丰台区西四环南路汽车博物馆东路6号院A座8层807室,1188,100070,$田立$18618219765$63918280$,丰台区海鹰路9号国贸食品科学研究所内
132,北京市济坤中医药研究所,802096972,北京市海淀区复兴路甲36号631室,1189,100039,$裴玉环$13910052034$13910052034$,北京市海淀区五棵松路81号永金里小区11号楼1051室
133,北京华电纳鑫科技有限公司,767543932,北京市昌平区科技园区创新路８号５０１室,1190,102200,$王明川$13905066133$51963207$,北京市顺义区北务镇府前街8号
134,国视通讯（北京）有限公司,788960196,北京市朝阳区朝外北大街乙12号天辰大厦21层,1191,100040,$郑加强$15350685737$51311300-811$,北京市建国门外大街19号中信国际大厦A座
135,北京金拇指科技有限公司,776393358,北京市昌平区科技园区超前路37号6号楼4层1211号,1192,102100,$叶艳进$$59798558-264$,"
北京市昌平区回龙观镇龙禧苑云趣园三区20栋7单元302室"
136,北京速联得科技有限公司,668406799,北京市海淀区羊坊店茂林居13号楼房上房1号,1193,100083,$马学舟$15901160782$67647920$,北京市朝阳区北四环中路6号华亭嘉园C座23E
137,北京创奇博通科技发展有限公司,741597836,北京市海淀区学院路３０号北京科技大学会议中心１３０７室,1194,100083,$王丽娜$$62346858$,北京市海淀区志新东路５号北配楼８５１室。
138,北京日昌隆达科技有限公司,796735562,北京市朝阳区德胜门外北沙滩一号１０号楼１０８,1195,100083,$车春生$13801214127$84705005$,北京市朝阳区德胜门外北沙滩一号１０号楼１０８
139,北京创飞科技有限公司,600383949,北京市丰台区分中寺关家坑200号B13、B14室,1197,100088,$孟庆彩$13801181586$62473939$,北京市海淀区中关村89号恒兴大厦15f
140,北京军峰科技开发有限责任公司,700346977,北京市昌平区香堂村二区12排6号,1198,102202,$陈立军$13901374368$64857485$,北京市朝阳区安外大屯路3号，北京市・昌平区・崔村镇 崔村香堂文化新村12排6号 
141,北京金嘉恒科技发展有限公司,687642690,北京市石景山区八大处高科技园区西井路３号３号楼２３３２房间,1199,100041,$付国$13911827608$$,北京市石景山区八大处高科技园区西井路３号３号楼２３３２房间
142,北京萌辉科技有限公司,78861711X,北京市海淀区清枫华景园４号楼三单元６０７室,1200,100080,$李黎$13501222152$82423690$,北京市海淀区清枫华景园４号楼三单元６０７室
143,北京康特荣宝电子有限公司,769354860,北京市北京经济技术开发区兴业街7号,1201,100176,$陈金洪$13910228657$67892280$,北京市北京经济技术开发区兴业街7号
144,北京乐田园环保科技有限公司,99318931,北京市海淀区信息路甲28号C座（二层）02C室-072号,1204,100024,$杨新玉$$13910216939$,北京东铁营桥金城中心803室
145,北京贝壳屋新材料科技有限公司,99773619,北京市丰台区南四环西路188号十八区18号楼208室（园区）,1205,100086,$滕勇$18911446780$18911446780$,北京市中关村总部基地18区18号楼
146,北京博泰文华高科技有限公司,799994519,北京市海淀区青龙桥玉泉山路甲99号西院（独立院落）院内南侧一层105室,1207,100084,$周庆$13911868346$62703599$,北京市海淀区成府路45号海升集团B座308室
147,北京拓普斯乐科技有限公司,765539972,北京市海淀区永泰园22号楼三单元363（住宅）,1210,100089,$张凯$13552732249$62753364$,北京市海淀区安宁庄西路１５号１７幢２门３０１
148,北京中晶微光科技有限公司,30631394X,北京市昌平区科技园区创新路２７号院１Ｂ座５０３室,1211,102200,$翁泽龙$13466598561$$,北京市昌平区科技园区创新路２７号院１Ｂ座５０３室
149,北京铁科海联数码技术有限公司,723959389,北京市海淀区西直门外大柳树路2号,1212,100081,$朱其杰$$62127608$,北京市海淀区西直门外大柳树路2号
150,北京中联通汇投资控股有限公司,95351320,北京市丰台区南四环西路１８８号１６区６号楼（园区）,1213,100070,$李志学$13931958656$$,
151,北京赛钛诚科技有限公司,09187305X,北京市昌平区沙河镇北街家园五区2号楼1层4单元105,1214,102200,$乔立安$18612482323$57536653$,
152,北京创世铭诚科技有限公司,69594222,北京市海淀区马甸东路19号15层1823,1215,100054,$王晓伟$$52455582$,北京市海淀区马甸东路19号15层1823
153,北京全面创新科技有限公司,306319073,北京市昌平区科技园区富康路１８号１０９室,1217,102200,$佟建伦$13121177997$$,北京市昌平区科技园区富康路１８号１０９室
154,北京蓝阳伟业科技开发有限公司,78898039X,北京市石景山区西井路１７号７０３房间,1218,100043,$赵立梅$13513122904$88909845$,北京市石景山区八大处高科技园区西井路3号3号楼1681房间
155,北京沃思捷科技有限公司,589065519,北京市西城区南礼士路丙3号楼503室,1219,100070,$彭川$13701383868$62270077$,北京市西城区南礼士路丙3号楼503室
156,北京首医科技有限公司,700382898,北京市丰台区四环西路一号５４３室（园区）,1220,100054,$郭建强$13901224430$83911287$,北京市丰台区西四环南路101号丰台科技园创新大厦543
157,北京光港科贸有限公司,802056612,北京海淀区志强南园2号楼152号,1222,100088,$宋立群$13651395612$62225601$,北京海淀区志强南园2号楼152号
158,北京奥博科贝数字科技有限公司,599652485,北京市海淀区中关村大街甲59号文化大厦203（2）,1223,100083,$谈益平$18601128793$65666918$,北京市海淀区中关村大街甲59号文化大厦203(2)室
159,信鸥互联（北京）信息技术有限公司,51423695,北京市昌平区科技园区超前路３７号６号楼４层１１３４号,1225,102200,$陈大卫$13581676155$$,北京市昌平区科技园区超前路３７号６号楼４层１１３４号
160,北京格朗德科技有限公司,306568133,北京市昌平区马池口镇昌流路７３８号１６号楼二层Ｂ区,1226,102200,$汪正敏$13910250355$$,北京市昌平区马池口镇昌流路738号16号楼二层B区
161,北京东方世宏科技有限公司,798519791,北京市海淀区复兴路83号二印厂239号,1227,100085,$尚文彬$13621276736$13621276736$,北京市海淀区复兴路83号二印厂239号
162,北京柯布瑞克汽车技术有限公司,756037719,北京市西城区德外大街11号Ｂ座508室（德胜园区）,1229,100088,$杨林$13601237121$64106518-180$,北京市西城区德外大街11号Ｂ座508室（德胜园区）
163,北京舜源联诚科贸有限公司,718728113,北京市宣武区春树园15号楼4单元1202室,1230,100052,$杨杰$13910299110$63188192$,?北京石景山区苹果园北大街82号八大处高科技园区海特饭店3806室 ??
164,北京托玛仕新能源科技有限公司,98798128,北京市丰台区科学城星火路10号1号楼468室（园区）,1231,100075,$郝龙$13910256256$13910256256$,北京市丰台区科学城星火路10号1号楼468室（园区）
165,北京鑫鑫盛达生物工程技术有限公司,746115947,北京市丰台区百强大道6号院1号楼2509号（园区）,1232,100071,$朱代成$15311079368$63728795$,北京市丰台区科学城百强大道6号宝隆公寓A座2509室
166,北京国能开源节能技术研究中心,795957235,北京市丰台区西四环南路88号5幢A116室（园区）,1233,100070,$于永林$13901117566$$,北京市丰台区南四环西路１８８号五区１９号楼２０５室
167,北京华信永杰软件开发有限责任公司,74883390X,北京市海淀区知春路51号慎昌大厦5986室,1234,100080,$向承蓉$13910087626$85870536-806$,北京市海淀区上地信息产业基地开拓路７号２１０室?
168,北京薰风网络科技有限公司,318249893,北京市昌平区科技园区振兴路２８号２号楼２０９室,1236,102200,$李杰$13552817843$$,北京市昌平区科技园区振兴路２８号２号楼２０９室
169,北京天易传动科技股份有限公司,397575522,北京市昌平区科技园区永安路38号4幢1层101,1237,102200,$毕艳军$13011211744$80113998$,北京市昌平区科技园区永安路38号4幢1层101
170,保网科技股份有限公司,685100441,北京市海淀区车公庄西路乙19号华通大厦B座北塔10层1026房,1238,100048,$刘涛$13911003278$88018068$,北京市海淀区车公庄西路乙19号华通大厦B座北塔10层1026房
171,北京鑫洲科技有限公司,773354716,北京市海淀区清河安宁庄东路1号院21号平房,1239,100085,$王义章$13718989618$62904876$,北京市海淀区清河龙岗路12号清缘商厦303室
172,时训电子软件（北京）有限公司,600040479,北京市海淀区北太平庄路27号19号楼106,1240,100085,$林青$$86833862$,北京市海淀区上地信息产业基地中黎科技园２号楼Ｄ４０１
173,北京科欣基业科技发展有限公司,758212648,北京市丰台区科学城星火路10号B座209室（园区）,1241,100070,$王超$13911873652$83682440$,
174,新航帆（北京）文化传播有限公司,664641302,北京市海淀区后屯南路26号3层3-18,1242,100083,$秦涛$13581567568$63956612$,中关村科技园区北京科技大学科技园
175,北京微商信息技术有限公司,92427502,北京市朝阳区大屯路科学园南里－风林绿洲Ⅰ乙号楼２２０４号（电子城科技园集中办公区０４８号）,1243,100101,$郭之晓$$64799302$,北京市朝阳区大屯路科学园南里－风林绿洲Ⅰ乙号楼２２０４号（电子城科技园集中办公区０４８号）
176,北京德润东辉机械仪表科技有限公司,765540068,北京市昌平区科技园区火炬街21号407室,1245,102200,$付民$13303605528$$,北京市昌平区科技园区火炬街21号407室
177,北京允升吉新技术有限公司,756732703,北京市昌平区马池口镇白浮村7号一号楼一层,1246,102200,$魏志凌$$80109408$,北京市昌平区中关村科技园区昌平园富康路１８号６０８室
178,北京吉泰恒业科技有限公司,573240837,北京市昌平区沙河镇昌平路９７号５幢Ｂ门５层,1247,102206,$方高瞻$13910280172$80719311$,北京市昌平区沙河镇新元科技园1号楼B门520室）?
179,北京市正三环保科技有限公司,782507833,北京市昌平区科技园区超前路5号4幢307B,1250,102200,$路秀燕$$13601190302$,?北京市崇文区龙潭路甲3号翔龙大厦B座东213室
180,北京恒诺堂生物科技有限公司,750104503,北京市西城区新街口北大街57号3198号,1251,102200,$张同飞$18901175677$$,北京市昌平区科技园区振兴路９号
181,北京中泰恒兴科贸有限责任公司,700284024,北京市石景山区西井路7号1栋302室,1252,100041,$牛洪伟$$68800408$,北京市石景山区西井路7号1栋302室
182,北京优联星达科技有限公司,661560128,北京市昌平区科技园区中兴路10号C211室,1253,102200,$陈琳$15960009918$89706427$,北京市昌平区科技园区振兴路９号６１８号
183,北京嘉纳]晟科技有限公司,67286533,北京市昌平区科技园区中兴路１０号Ａ１１０１－１室,1254,102200,$梁军$13911881906$$,北京市昌平区科技园区中兴路10号A1101-1室
184,北京原石创新信息技术有限公司,553095804,　北京市海淀区复兴路2号院Ｂ座601室,1255,101213,$王硕$15811294619$82579046$,北京市平谷区夏各庄镇夏各庄北街68号
185,北京晶珠医药企业管理有限公司,79997047X,北京市崇文区崇文门外大街５号５０３,1256,100062,$李方瑞$$67091193-261$,北京市崇文区北京市崇文区崇文门外大街５号５０３
186,北京龙信百年商业信息咨询有限公司,X00385940,北京市海淀区信息路2号1号楼24层24D,1258,100097,$管春燕$13699171704$88861266$,北京?市市海淀区蓝靛厂东路２号金源商务中心Ｂ座３Ｄ
187,北京中嘉华诚网络安全技术有限公司,802024880,北京市海淀区阜成路16号7层,1259,100037,$薛京树$$68370181$,北京市海淀区阜成路十四号B座七层
188,西继电梯（北京）有限公司,399061824,北京市丰台区富丰路2号4层506室,1260,100071,$闫国乐$13718746785$$,北京市丰台区富丰路2号星火科技大厦506B
189,北京中科国投科技发展有限公司,51408022,北京市昌平区科技园区超前路３７号６号楼４层１１２６号,1261,102200,$陈达凯$18610042111$$,北京市昌平区科技园区超前路37号6号楼4层1126号
190,北京富英动物保健技术有限公司,757705424,北京市海淀区上地东路29号六层602号,1265,100085,$张雪清$$62986330$,北京市海淀区上地东路29号六层602号
191,北京市崇文区中藏医药研究院,671703620,北京市崇文区崇文门外大街5号503室,1266,100062,$李方瑞$$13381230057$,北京市东城区光明中街1-1号，崇文区夕照寺大街绿景苑甲1号1楼?
192,北京经纬互联科技有限公司,769365092,北京市海淀区上地十街1号院2号楼15层1503室,1267,100089,$刘大军$13701067577$86187291$,北京市海淀区西三旗上奥世纪中心B-16层
193,北京光大振邦微电子技术有限公司,777667154,北京市海淀区大钟寺13号院1号楼7层7C2,1269,100086,$温建荣$13326386888$58732068$,北京市海淀区知春路甲４８号盈都大厦３号楼二单元１６Ａ室
194,北京西软计算机技术有限公司,751340532,北京市海淀区清河西三旗转盘东路3号沁春家园6号楼5单元502号,1270,100096,$李学英$$82901149$,北京・海淀区二里庄100号北沙滩手机大世界
195,北京京创伟业科技有限责任公司,788997167,北京市昌平区科技园区超前路5号4幢3层319B,1271,102200,$张建军$13901368698$13901368698$,北京市昌平区科技园区创新路１０号综合楼４０３号
196,可可网联科技（北京）有限公司,788997941,北京市海淀区西土城路10号北京邮电大学综合服务楼501号,1272,100879,$李智海$13401054805$62285388$,北京市海淀区西土城路10号北京邮电大学综合服务楼501号
197,北京恒通基生物科技有限公司,789977803,北京市海淀区北四环西路9号1705-A004,1273,100022,$郭永忠$13910586073$83702300$,? 北京市朝阳区东四环南路1号10号
198,北京时代金普科技发展有限公司,783987189,北京市海淀区中关村南大街5号683号楼理工科技大厦9063室,1274,100081,$郑云$13301374822$68910002$,北京市海淀区中关村南大街５号理工科技大厦９０６Ｈ室
199,北京象限科技有限公司,780221153,北京市海淀区清河安宁庄东路18号2号楼334室,1275,100081,$张冬梅$13439892099$62994590$,北京市海淀区清河安宁庄东路18号2号楼334室
200,北京罗丹合众电器科技有限公司,802226394,北京市丰台区西四环南路19号一号楼328室（园区）,1276,100070,$王颖智$13901237589$63965087$,北京市丰台区莲香园5号楼104室
201,北京泰柏生物科技有限责任公司,306329175,北京市昌平区科技园区生命园路29号1幢B316-36室,1277,102200,$戴光$13911019457$13911019457$,北京市昌平区科技园区生命园路29号1幢B316-36室
202,北京宇环通高科技有限公司,802220558,北京市丰台区西四环南路63-4号,1279,100071,$蒋小明$13371668906$66716670$,北京市丰台区北大街甲１３号（附楼）（园区）
203,北京软赢科技有限公司,766267817,北京市海淀区北蜂窝2号9号楼205室,1280,100083,$甘海波$13301385865$52267636$,北京海淀区知春路甲48号盈都大厦C座1-16D
204,北京航天金光计算机技术有限责任公司,776357584,北京市丰台区科学城恒富中街2号院1号楼5398（园区）,1281,100071,$韦立新$13901317712$86667850$,北京市丰台区西四环南路８０号３０９
205,北京翰纳斯科技有限公司,774055080,北京市海淀区清河小营（雄狮机械厂）2幢1层216室,1282,100088,$贾立斌$13910393473$88340276$,北京市海淀区花园路１３号怡和中心３１２房间
206,北京市欧亚物业管理有限公司,802214764,北京市丰台区科学城恒富街２号院４号楼９０６-C,1283,100070,$王德意$$63795191$,北京市丰台区西三环南路东管头159号
207,北京嘉捷博大汽车节能技术有限公司,733445947,北京市北京经济技术开发区西环南路26号院22号楼厂房2层,1284,100176,$孙宏宇$13901307323$67817676$,北京市北京经济技术开发区西环南路26号院22号楼厂房2层
208,天邦利（北京）科贸有限公司,667541868,北京市海淀区玉渊潭南路17号D―018室,1285,100044,$韩忠$13701279020$13701014803$,北京市海淀区玉渊潭南路17号B208室
209,北京清图科技发展有限公司,753330696,北京市海淀区农大南路1号院2号楼2层办公B-207,1286,100084,$施杰$13910112911$82612863$,北京市 海淀区三才堂写字楼4061房间
210,百赛维斯生物科技（北京）有限公司,80538248,北京市昌平区科技园区生命园路２９号１幢Ｂ３１６－１８室,1287,102200,$郑曾杰$13696909851$$,北京朝阳区马泉营四区8号
211,北京时代希金科技有限公司,677405130,北京市海淀区上地西路28号2号楼4层,1288,100085,$张亚芹$13910551330$62980826$,北京市海淀区上地信息产业基地西路38号
212,北京零线之芯电气技术有限公司,799023595,北京市昌平区北七家镇定泗路北侧雅安商厦C号B座３０３室,1290,102200,$蔡钧$$69753263$,北京市昌平区北七家镇宏翔鸿企业孵化基地三期一号，北京市昌平区北七家镇定泗路北侧雅安商厦C号B座303室
213,派顿（北京）数据技术有限责任公司,797584874,北京市海淀区中关村南大街17号3号楼1004室,1291,100081,$董方$13051282086$88572068$,北京市海淀区中关村南大街２号北京科技会展中心数码大厦Ａ座１７０５?
214,金积木（北京）科技有限公司,667525323,北京市海淀区上地信息产业基地三街1号楼地下室A段B13,1292,100089,$叶豪$13911536329$68731679$,北京市海淀区中关村西区彩和坊路8号天创科技大厦
215,北京科发佳工程技术有限公司,733467310,北京市海淀区中关村南大街5号院北京理工大学综合楼512室,1293,100081,$张胜坚$13808964356$68944992$,北京市海淀区皂君庙１４号院１号楼７０２、７０３室
216,北京中通软联信息科技有限公司,666919670,北京市海淀区上地五街7号3层301室,1294,100085,$马新途$$82893347$,北京市海淀区上地信息路嘉华大厦E座706
217,北京北科永新生态能源科技有限公司,762194323,北京市昌平区科技园区白浮泉路13号A105,1295,102200,$于学永$$13701288075$,北京市昌平区科技园区白浮泉路13号A105
218,北京东方思科石油科技有限公司,661581439,北京市丰台区星火路1号1号楼9E-3（园区）,1296,100070,$赵建$$52262829$,北京市丰台区南四环西路188号十一区10号楼401
219,红宇阳（北京）科技有限公司,66050997X,北京市海淀区高粱桥路上园村3号四区3号楼3115室,1297,100097,$张保国$13901192249$64248338$,北京市海淀区高粱桥路上园村3号四区3号楼3115室，北京交通大学专家公寓3113室
220,北京十三行国际教育科技有限公司,89632337,北京市丰台区科兴路９号１０２－１（园区）,1299,100070,$张重雨$18611761894$$,北京市丰台区科兴路9号1021号
221,十字舵科技发展（北京）有限公司,558599892,北京市海淀区清河镇强佑清河新城4#地甲1号商业办公楼10层1019,1300,100085,$吕欣蓉$13910822208$82838558$,北京市海淀区清河镇强佑清河新城商业办公楼A座10层1019
222,龙头（北京）网络技术有限公司,792110848,北京市海淀区复兴路30号1层东侧,1302,100039,$葛龙海$13718606639$68239189$,北京市海淀区复兴路３０号１层东侧?
223,鼎铭世纪（北京）科技有限公司,783978127,北京市西城区裕民路18号11层1110室（德胜园区）,1304,100085,$杨帆$13911806904$88114979$,北京石景山区 八大处高科技园区西井路3号3号楼5620房间
224,北京朝铂航科技有限公司,758740344,北京市朝阳区将台乡驼房营洼子村78号,1305,100016,$孟昭辉$13671203800$84674566$,北京市朝阳区将台乡驼房营洼子村78号
225,北京睿达模生物研究所（普通合伙）,09879811X,北京市昌平区中关村科技园区昌平园超前路甲１号１０号楼４层４０５室,1306,102200,$沈志远$13520098955$$,北京市昌平区中关村科技园区昌平园超前路甲１号１０号楼４层４０５室
226,北京博思利码科技有限公司,67283557X,北京市昌平区兴寿镇秦城村东,1309,102200,$胡素珍$13911314269$69702958$,北京市昌平区科技园区超前路5号A座103
227,北京恒瑞美联数码科技有限公司,772568851,北京市昌平区科技园区富康路１7号211室,1310,102200,$杨秀琴$13910627063$69712106$,北京市昌平区科技园区富康路１７号２１１室
228,北京绿环国际科技有限公司,71669975,北京市昌平区科技园创新路７号１号院２０８９号,1311,102200,$全利红$13681476280$$,北京市昌平区科技园创新路7号1号院2089号
229,北京合众惠康科技有限公司,556835492,北京市昌平区科技园火炬街甲１２号北京昌科晨宇科技企业孵化器一层１１８、二层２１９,1312,102200,$全军$13811078587$$,北京市昌平区科技园火炬街甲12号北京昌科晨宇科技企业孵化器一层118、二层219
230,北京以歌以乐电子商务有限公司,569475641,北京市昌平区科技园区振兴路9号306室,1313,102200,$张海涛$13241779079$$,北京昌平振兴路9号306室
231,北京天惠人控制设备技术有限公司,802663869,北京市昌平区科技园区超前路9号B座2088室,1314,102200,$包桂芝$$80108136$,? 北京市昌平区科技园区超前路２３号，北京市昌平区西环路56号钰阳阁商业楼F座二层
232,中泰动力（北京）能源科技有限公司,306601714,北京市昌平区北七家镇宏福１１号院创意空间416室,1315,102209,$李可$13426287570$81788734$,北京市昌平区宏福科技园创意空间416室
233,北京华夏视创科技有限公司,78864605X,北京市海淀区上地十街1号院2号楼12层1201,1316,100085,$刘维增$13321118191$62969217$,北京市海淀区上地十街1号院2号楼12层1201
234,北京三联捷通石油天然气技术有限公司,306372691,北京市昌平区科技园区华通路１１号楼四层Ｂ４０６室,1317,102200,$张炜$13810012282$13810012282$,北京市昌平区科技园区华通路11号楼四层B406室
235,北京昌企策略投资顾问有限公司,761440094,北京市昌平区白浮泉路10号2号楼1103A2,1318,102200,$李金瞳$18911717223$$,北京市昌平区白浮泉路10号2号楼1103A2
236,北京华岳泰信息技术有限公司,695039445,北京市昌平区科技园区创新路27号3号楼703-1室,1320,102200,$华东明$13810827746$57299263$,北京市昌平区沙河百沙路青年创业大厦A座903室
237,北京东亚中电电器有限公司,736499123,北京市昌平区科技园区超前路37号6号楼1284号,1321,102200,$王欣$13691172630$81788537$,北京市昌平区北七家镇宏福创业园
238,北京金控汇通科技有限公司,53555341,北京市昌平区北七家镇宏福１１号院创意空间２０２室,1322,102209,$易成芳$13911181131$56629286$,北京市昌平区北清路宏福大厦512
239,北京博泰锐达科技发展有限公司,99193147,北京市昌平区马池口镇昌流路７３８号１６号楼２１５室,1323,102200,$王斌$13269308566$$,北京市昌平区马池口镇昌流路７３８号１６号楼２１５室
240,北京远东宏润科贸有限公司,580826983,北京市昌平区科技园区富康路１８号２０７室,1325,102200,$刘海成$13911891809$$,北京市丰台区新宫体育健身休闲园8号中福2号楼355室
241,北京集英生物技术有限公司,600012400,北京市海淀区阜成路22号北京航天西钓鱼台招待所8516房间,1331,100036,$杜宝来$$68486985$,北京市海淀区车公庄西路甲19号华通大厦512
242,北京好运益来装饰有限公司,678771677,北京市石景山区八大处高科技园区西井路３号３号楼１７８１房间,1332,100041,$张保全$13141339248$$,北京市石景山区八大处高科技园区西井路
243,北京科大博联科技发展有限公司,765525706,北京市海淀区学院路３０号6区北京科技大学科技园A座322号,1334,100083,$黄重国$13701363323$52752289$,北京市海淀区学院路30号6区北京科技大学?
244,华通天地（北京）科技有限公司,788634075,北京市海淀区西郊半壁店59号1号楼1636室,1335,100083,$佘荣红$13581657980$64426848-203$,北京市海淀区学清路8号科技财富中心B座502A
245,北京成益通和信息技术有限公司,56954351X,北京市昌平区昌平镇振兴路２８号２号楼３Ａ０８室,1336,102200,$李士强$15901389657$80107035$,北京市昌平区昌平镇振兴路２８号２号楼３Ａ０８室
246,北京宜科智达科技有限公司,53584572,北京市海淀区上地三街9号A座4层A501号,1337,100085,$车文$13501087298$62971783$,北京市海淀区上地三街9号A座4层A501号
247,北京天指道科技有限公司,699607155,北京市海淀区朱房路16号院1号楼350室,1340,100085,$丁彦霞$13911777286$62910117$,北京市海淀区清河安宁庄路4号11号楼432室
248,北京四通智能技术发展有限公司,769940464,北京市海淀区知春路51号慎昌大厦5层5261室,1341,100080,$静向东$13801107898$65305108-8011$,北京市朝阳区朝阳门北大街乙12号天辰大厦1109室
249,益昂资讯科技（北京）有限公司,787752571,北京市海淀区清河毛纺路26号燕语清园5号楼16层B单元1604（住宅）,1343,100080,$张学明$13910520881$62510966$,北京市海淀区北京市海淀区中关村大街59号文化大厦12层12
250,北京神州地标科技有限公司,798544364,北京市海淀区清河朱房路16号院1号楼（配套公建）五层50室,1344,100083,$王秀柏$13520646938$64092885$,北京市海淀区中关村东路18号1号楼C-1609―39
251,北京盈和文化有限公司,678242185,北京市昌平区科技园区创新路7号2号楼2498号,1345,102200,$贺俊杰$13121231888$13121231888$,北京市昌平区科技园区创新路7号2号楼2498号
252,安青创业（北京）科技有限公司,306332657,北京市昌平区北七家镇宏福大厦60413,1346,102208,$侯建青$13331001903$57161569$,北京市昌平区北七家镇宏福大厦60413
253,北京金飞兴材料科技有限公司,67171715X,北京市石景山区八大处园区中原路7号,1347,100041,$鲍惜淳$13651017632$010-66719292$,北京市石景山区八大处高科技园区双园路５号１号楼４０３室
254,北京启能国际能源管理有限公司,306367753,北京市北京经济技术开发区科创十四街９９号３３幢Ｃ座三层３０３室,1348,100176,$张杨$13141027777$67857512$,北京市东城区银河SOHO办公楼C座30楼517室
255,北京磊义达科技开发有限公司,766788145,北京市昌平区科技园区超前路9号B座2043室,1349,102200,$张霞$13901076420$80117116$,北京市昌平区科技园区创新路11号301房间
256,北京中关园科技有限公司,772561836,北京市海淀区紫竹院路广源闸5号七层东区101,1351,100088,$吕武$13161276810$51650567$,?北京市海淀区中关村甲３３１楼８单元８０８室
257,北京智康博药肿瘤医学研究有限公司,57392914,北京市昌平区科技园区富康路１８号科研楼５层５２３号,1352,102200,$陈一友$13641112961$$,昌平区中关村生命科学园生命园路8号院1区11号楼5层
258,北京中联安泰科技发展有限公司,59224789,北京市海淀区安宁庄西路9号院25号楼8层3-807,1353,100080,$武永梅$18800011020$60744722$,北京市朝阳区双井１号优士阁Ｂ座住宅楼２７０２号
259,北京金仪联合科技有限公司,57380956,北京市昌平区科技园区振兴路２８号２号楼３０５室,1354,102200,$廖芳$13520556715$61782190$,北京市昌平区科技园区振兴路２８号２号楼３０５室
260,北京普瑞伯德信息技术有限公司,788950377,北京市海淀区恩济里小区27号楼二层2627房间,1355,100080,$李家馨$$82617730$,北京市海淀区万柳阳春光华家园7号楼一层101室
261,北斗航天新能源科技开发（北京）有限公司,599662763,北京市丰台区南四环西路188号十八区22号楼1至6层101四层401（园区）,1356,100073,$刘贵生$13910062215$$,北京丰台科技园区总部基地18区22号
262,北京未名高智科技有限公司,101925213,北京市海淀区海淀路52号北大太平洋科技发展中心1709室,1360,100080,$罗成思$13810638678$62755555$,北京市海淀区北京大学逸夫苑2928W室
263,北京中科艾内茵科技有限公司,551422568,北京市昌平区科技园区中兴路１０号,1361,102200,$赵立冬$13810357343$57266256$,( 北京市 北京市海淀区中关村北二条1号)
264,易点光源（北京）科技有限公司,669908272,北京市昌平区科技园区创新路7号2号楼2155号,1362,102200,$易晓天$18811330330$69752008$,北京市昌平区科技园区创新路7号2号楼2155号
265,北京万博睿达科技有限公司,661567768,北京市海淀区北四环西路９号楼２１０６F９室,1363,100080,$张立波$13910079178$$,北京市海淀区北四环西路９号楼２１０６F９室
266,北京万家易企业管理有限公司,676621819,北京市石景山区杨庄东路126号星宇大厦520室,1365,100041,$靳晓鹏$13810558777$51620398$,北京市石景山区杨庄东路星宇大厦
267,中天银丰（北京）科技发展有限公司,677439357,北京市海淀区知春路甲48号3号楼4单元8层A室,1366,100098,$胡雨h$13601212171$58731566$,北京市海淀区知春路甲48-3盈都大厦C座4-10C
268,北京惠天听书科技有限公司,682861149,北京市海淀区上地十街1号院2号楼22层2202室,1367,100086,$马春荣$13426129618$01086824520$,北京.北京.海淀.北京市海淀区北三环西路４８号３号楼１６Ｄ－２
269,北京盛丰特科技发展有限公司,757749638,北京市昌平区科技园区白浮泉路10号2-301A室,1368,102200,$袁洪春$$80113681$,北京 北京昌平 北京市昌平区科技园区富康路１８号６０７室
270,北京博雅高科科技有限公司,749396078,北京市海淀区远大路39号1号楼702-2,1369,100089,$马勇$$13311317701$,北京市海淀区昆明湖南路62号远大世纪城四区1-2-10
271,北京顺邦科技有限公司,760103707,北京市海淀区中关村大街11号亿世界10层1081,1370,100080,$李俊春$13501313358$62680005$,?北京市海淀区四道口路１１号银辰大厦８０５室
272,北京紫讯时代科技有限公司,765547657,北京市朝阳区酒仙桥路10号星城国际大厦C座1010室,1371,100016,$王娟$13241917991$58072120$,?北京市朝阳区酒仙桥路乙２１号国宾大厦２１６－１室
273,北京泰星天地国际科技发展有限公司,759616038,北京市海淀区西三旗建材城枫丹丽舍３号楼３单元１０２室,1372,100096,$王庆忠$13601231116$01084852662$,北京市海淀区西三旗建材城枫丹丽舍３号楼３单元１０２室
274,北京大田空调有限公司,721443864,北京市丰台区角门18号名流未来大厦519-521室,1373,100068,$赵淑英$13601298167$87500595$,丰台花乡新发地潘家庙415号
275,北京航天玉弘科技有限公司,775470630,北京市海淀区上地十街1号院2号楼17层1711室,1374,100080,$任新育$13911221243$68470622$,北京市海淀区中关村南大街11号百花苑科技楼A座402#
276,北京鸿锦德数码科技有限公司,748833117,北京市海淀区志新路27号1号楼408室,1375,100083,$王斌$$82679258$,?北京市 海淀区知舂路111号理想大厦1504室
277,一多联合（北京）网络科技有限公司,79065899X,北京市昌平区科技园区超前路５号Ｂ座２２５室,1376,102200,$肖德定$13301335013$62568127$,北京市海淀区中关村东路89号恒兴大厦9H、、、、.北京市昌平区科技园区超前路５号Ｂ座２２５室
278,北京澳京丰科技有限公司,792120368,北京市丰台区西四环南路63-4号利丰楼四层411房,1377,100071,$鲁民生$13901356593$51039078$,北京市丰台区西四环南路７２号５１８室（园区
279,因弗康（北京）环境控制技术有限公司,801145058,北京市昌平区白浮泉路13号,1378,100077,$迈克 马斯顿$$67646933$,?北京市昌平区城北办事处超前路9号
280,北京天宇博通科技有限公司,788985721,北京市海淀区清河安宁庄东路18号2号办公楼203,1379,100085,$李鹏$$82833505$,中国北京海淀区安宁庄西路15号怡美家园会所201室
281,北京当代实力教育科技有限公司,769917969,北京市海淀区五道口东升园华清嘉园16号楼1A,1380,100084,$肖霞$13810446606$62477562$,北京市海淀区五道口东升园华清嘉园16号楼1A
282,北京铁达技术开发有限责任公司,101940843,北京市海淀区北蜂窝２号中盛大厦２３０５室,1381,100038,$江英$$51843810$,北京市海淀区北蜂窝2号中盛大厦2306，，，，，北京市朝阳区北苑路乙108号北美国际商务中心E座
283,北京亿美网科技有限公司,721470301,北京市海淀区上地北京中关村软件园孵化器1号楼C座1332号房间,1382,100094,$李劲松$13801054159$13801054159$,北京市海淀区白石桥路甲54号B306室
284,北京凯士力电子有限责任公司,101850039,北京市海淀区上地信息路1号（国际创业园）B栋402,1383,100085,$王水旺$13911228886$82893987$,北京市朝阳区甜水园西街２４号，， 北京市 朝阳公园南大街68号
285,北京弘韵科技有限公司,680451402,北京市海淀区上地信息路2号创业园D栋205A,1384,100085,$迟立广$13601317428$010-84945447$,北京市海淀区上地信息路2号创业园D栋205A
286,元一科技（北京）有限公司,94874947,北京市丰台区科学城星火路１０号２号楼Ｄ１５室（园区）,1385,100070,$李耀$18600360733$$,北京市朝阳区北苑路乙108号北美国际商务中心E座
287,北京正安融翰科技发展有限公司,773368544,北京市西城区新街口外大街８号10幢108号（德胜园区）,1387,100088,$郑浩$13601213308$62002681$,北京市西城区新街口外大街８号Ｄ座４区４０２号（德胜园区）
288,北京丹鹏表面技术研究中心,718770581,海淀区清河西三旗东路高新建材城二号工业区涂料厂院内,1388,100083,$董骐$13910025745$82924110$,北京市海淀区清河西三旗东路高新建材城二号工业区涂料厂院内
289,北京雷丁科技有限公司,766291892,北京市丰台区航丰路６号（园区）,1389,100070,$王裴$13381422690$63710307$,?北京市丰台区航丰路６号（园区）
290,诺科方铭（北京）科技发展有限公司,777085277,北京市海淀区安宁庄西路１５号院怡家园５号楼３单元２０１室,1390,100085,$钟亮$13911806904$88114979$,北京市朝阳区朝阳路5号院新天地3-2-2801
291,北京菲斯凯顿科技有限公司,775456409,北京市海淀区知春路51号慎昌大厦5层5276室,1391,100086,$张安平$$62118251$,北京市海淀区中关村东路123号都市网景C座1701
292,北京英软通科技有限公司,764200301,北京市海淀区上地信息路２号国际科技创业园２号楼２３层Ｃ户,1392,100085,$邴炜$$82893191$,北京市海淀区上地信息路２号国际科技创业园２号楼２３层Ｃ户
293,北京华汇智业科技有限公司,76849647X,北京市丰台区纪家庙８号２２号楼１１２房间,1393,100071,$钱擎$13522523480$63804476$,北京市丰台区纪家庙８号２２号楼１１２房间
294,北京娜小妞文化传播工作室,56748670X,北京市朝阳区建国路29号兴隆家园15楼1201室,1394,100025,$谢娜$13810825817$$,北京市石景山区八大处高科技园区西井路3号3号楼6889房间
295,北京东旭投资发展有限公司,76605380,北京市丰台区科学城海鹰路９号２号楼二层２６７室,1396,100071,$李兆廷$13833391155$84417940$,北京市丰台区科学城海鹰路9号2号楼二层267室
296,北京中航德凯环保设备有限公司,57907119X,北京市昌平区科技园区超前路9号B座2184室,1399,102200,$刘咏梅$13801312093$82850009$,北京市昌平区科技园区超前路9号B座2184室
297,谷栗科技（北京）有限公司,593854764,北京市丰台区西四环南路88号1幢132-2室（园区）,1400,100070,$牛玉轩$18801055999$63806458$,北京市丰台区海鹰路5号119室
298,中科（北京）生物工程研究所有限公司,58581659X,北京市昌平区科技园区超前路９号院３号楼Ｂ座２３５１室,1401,102200,$李春敏$13701267702$$,北京市昌平区科技园区超前路9号院3号楼B座2351室
299,北京鼎盈视盟网络科技有限公司,789996182,北京市海淀区花园路6号2号楼4425室,1402,100081,$翟健新$13901325756$84585388-616$,北京市朝阳区北京市东城区朝阳门北大街8号富华大厦D座D6B室
300,北京田园老农电子商务有限公司,59065242X,北京市朝阳区利泽中园106号楼2层202A-8号房间,1403,100102,$张会来$13911662201$$,北京市?朝阳区?管庄郭家场雷博产业园1号
301,北京中康博爱康复技术开发有限责任公司,700380462,北京市丰台区西四环南路88号236、238室（园区）,1405,100068,$董浩$13601248326$87569757$,北京市丰台区 角门北路10号
302,北京万蝶网络科技有限公司,752638015,北京市北京经济技术开发区文化园西路8号院4号楼1904,1406,100085,$项方伟$13501034308$67871109$,北京市海淀区上地信息路１２号中关村发展大厦Ａ２０２
303,北京博爱欣荣科展装饰工程有限公司,677426740,北京市石景山区杨庄北小区2号楼2单元104号,1407,100041,$窦素杰$13691033375$$,北京北京市石景山区北京市石景山高科技园区西井路3号楼1802?
304,北京派克英生物技术有限公司,668416487,北京市昌平区科技园区火炬街２３号１０１室,1408,102200,$李光建$18361595739$18361595739$,北京市昌平区科技园区火炬街２３号１０１室
305,北京华美亚讯科技发展有限公司,96656767,北京市昌平区马池口镇昌流路７３８号１６号２层２１３室,1409,102200,$白玉洁$13269308566$$,北京市海淀区中关村南二街７号２１０室
306,北京希格玛仿真技术有限公司,95575981,北京市海淀区中关村东路1号院3号楼13层1348,1411,100085,$周永发$18601248113$56243445$,北京市朝阳区四惠桥东南角尚8工业设计创意园B4-102
307,北京中科正泰节能环保技术有限公司,798541251,北京市海淀区首体南路20号国兴家园6号楼1806（住宅）,1412,100097,$陈学敏$13552521128$65560795$,北京市海淀区首体南路20号国兴家园6号楼1806（住宅）
308,水穿石（北京）实验设备有限公司,82823878,北京市昌平区科技园区永安路２６号孵化器大楼配楼一层１０２号,1413,102200,$胡勋霞$13910723213$$,北京市昌平区科技园区永安路２６号孵化器大楼配楼一层１０２号
309,北京钢研新冶工程技术中心有限公司,772567234,北京市海淀区大柳树南村１９号南院工艺楼８０１－８１０,1414,100081,$张启富$13611165141$62187050$,北京市海淀区大柳树南村１９号南院工艺楼８０１－８１０
310,北京百年恒丰技术有限公司,742309920,北京市丰台区科学城海鹰路5号A109室（园区）,1416,100071,$陈雷$13901196792$87952520$,朝阳区大郊亭中街2号华腾国际1-1102，，北京市丰台区西四环南路８８号Ａ４０３室（园区）
311,信纳克（北京）生化标志物检测医学研究有限责任公司,795100856,北京市昌平区生命园路２９号Ｃ座２层Ｂ区,1417,102200,$杨志伟$13910332067$$,北京市昌平区生命园路２９号Ｃ座２层Ｂ区
312,北京四维航遥信息技术有限公司,738206822,北京市海淀区紫竹院路88号紫竹花园D1103室,1418,100089,$汤义江$$88552397$,北京市海淀区紫竹院百胜村１号
313,北京盛世天泉科技有限公司,77040591X,北京市海淀区阜成路４２号中裕商务花园６Ｃ－２０１室,1419,100036,$李永军$13801182787$88126688$,北京市海淀区阜成路４２号中裕商务花园６Ｃ－２０１室
314,北京九州巨象科技有限公司,780203318,北京市昌平区科技园区中兴路10号A202室,1423,102200,$崔秀桃$13811329268$82791898$,?北京市昌平区科技园区振兴路９号３１７室
315,北京桑原中江软件有限责任公司,802051985,北京市海淀区上地信息产业基地开拓路7号1幢3307室,1424,100088,$保文$$82781036$,?北京市海淀区罗庄西里５号楼１０５室
316,北京信联科汇科技有限公司,69766966X,北京市昌平区科技园区振兴路28号2号楼313室,1425,102208,$李爱平$13611344089$82239869$,北京市昌平区小汤山镇沙顺路79号8层802
317,北京盈诚科技有限公司,07854282X,北京市昌平区科技园区超前路5号4幢3层321室,1427,102200,$丁榕$13801015134$$,?北京市海淀区西三环北路21号久凌大厦南楼1005室
318,北京铸洁环保技术开发有限公司,580873851,北京市海淀区上地十街1号院四号楼16层1612,1428,100085,$王钦寿$15300032055$52875548$,北京市昌平区科技园区中兴路10号1号楼2层A227室
319,北京泽通顺达机械有限公司,678212699,北京市顺义区南法信镇南法信大街118号天博中心C座5层502室,1429,101300,$陆宝霞$$69461329$,北京省北京市市顺义区南彩镇南小营村东西大街235号
320,北京瑞博通视科技有限公司,690836656,北京市朝阳区大屯路科学园南里--风林绿洲I乙号楼2204号（电子城科技园集中办公区136号）,1431,100026,$谢承锋$13911561710$13911561710$,西大望路3号院3号蓝堡国际中心1座1806/1807
321,恒诺卓越（北京）科技有限公司,775456783,北京市海淀区清河西三旗环岛东南角95号楼310室,1432,100096,$李海峰$13911108193$56875786$,北京市海淀区西三旗转盘东路３号沁春家园８号楼３单元４０１号
322,北京中电教育培训中心,700343434,北京市昌平区回龙观华北电力大学行政楼407,1433,102206,$班钦东$13581705855$61773230$,北京市朝阳区北苑路乙108号北美国际商务中心E座
323,北京方鸿智盛生物科技有限公司,690821964,北京市海淀区中关村大街18号8层04-36,1434,100081,$杜团结$13811719111$81921803$,北京市海淀区中关村大街18号8层04-36
324,北京华麦新技术有限责任公司,102678752,北京市昌平区科技园区创新路7号2号楼2599号,1435,102200,$韩健$$64251507$,北京市朝阳区华严里38号
325,北京文成浩宇管理顾问有限公司,82843940,北京市朝阳区大屯路科学园南里－－风林绿洲Ⅰ乙号楼２２０４号（电子城科技园集中办公区０１４号）,1436,100101,$甘广成$13718018898$89527287$,北京市朝阳区大屯路科学园南里－－风林绿洲Ⅰ乙号楼２２０４号（电子城科技园集中办公区０１４号）
326,北京中汽杰瑞专用汽车研制开发有限公司,749375154,北京市昌平区科技园区振兴路９号,1437,102200,$许卫$13701097008$82910178$,北京市昌平区科技园区振兴路９号
327,北京易通科讯科技有限责任公司,773371938,北京市海淀区中关村大街18号中关村科贸电子城4B026号,1439,100080,$丁焱$$81976727$,北京市海淀区中关村大街18号中关村科贸电子城4B026号
328,北京海天视野制镜新技术有限公司,747534182,北京市海淀区圆明园西路圆明园花园E03号楼1单元101室,1440,100094,$王长和$13001186882$88454684$,北京市 海淀区五道口华清7号楼707
329,北京管畅水泥制品技术服务中心,721447849,北京市昌平区昌平镇振兴路２８号,1441,102200,$丛沛$13801234230$64666828$,北京市昌平区东环路１４２号
330,中元天舜（北京）投资咨询有限公司,79212246X,北京市海淀区清河小营（雄狮机械厂）6幢2层238室,1442,100096,$李书香$18511333471$59813098$,北京市海淀区清河小营（雄狮机械厂）6幢2层238室
331,北京清大天眼视控科技有限公司,663129710,北京市海淀区城华园1号楼1层0102,1443,100085,$郝晓谷$13910120839$58768349$,北京市朝阳区富力城
332,北京普力司达科技有限公司,759644610,北京市昌平区科技园区富康路１８号３１９室,1444,102200,$郑华林$15911041127$58612679$,?北京市朝阳区广渠门外大街8号优士阁B座3006室
333,北京美华环球信息系统科技有限公司,763531432,北京市海淀区农大南路1号院2号楼2层办公B-207-A002,1445,100082,$高世川$61198028$61198028$,北京市丰台区科学城帝京路５号城市经典Ａ－４０３
334,北京启辰信息科技有限公司,777071465,北京市海淀区丰慧中路7号新材料创业大厦4层412,1447,100080,$高恩兴$13611376735$58711303-8000$,北京市海淀区科学院南路2号融科资讯中心C座B1-23A
335,北京航天高科自动化科技有限公司,397913958,北京市昌平区科技园区创新路7号2号楼2358号,1449,102200,$熊朝晖$13910108371$88878823$,北京市昌平区科技园区创新路7号2号楼2358号
336,北京中联环洁通节水技术有限责任公司,634398452,北京市海淀区阜成路115号丰裕写字楼A3C-1,1450,100044,$刘成$$88082160$,北京?海淀区?三里河路15号中建大厦B座11层
337,北京东方龙舟石油科技有限公司,743336023,北京市昌平区科技园区白浮泉路10号拓然家苑5号楼1-1101,1451,102200,$乔国洪$13581650298$$,北京市昌平区科技园区白浮泉路10号拓然家苑5号楼1-1101
338,北京国力精品建材技术有限公司,757701802,北京市昌平区科技园区富康路,1452,102200,$张玲敏$$80106033$,北京市昌平区科技园区富康路18号
339,北京谷田兴盛农业科技股份有限公司,792148838,北京市海淀区天秀路10号中国农大国际创业园1号楼A514-2室,1453,101214,$岳景雨$13901229905$60900768$,北京平谷区马昌营镇王各庄村东1号马昌营镇工业开发区
340,北京晨云数码影像科技有限公司,790675693,北京市海淀区花园路甲１３号院１０号楼５０２室,1454,100088,$刘昭$13911856180$82257634$,?北京市 海淀区花园路甲13号院 A座
341,北京三木泰工程技术有限责任公司,773363612,北京市海淀区知春路51号慎昌大厦五层5378号,1455,100083,$杨红兵$13301121152$82028869$,北京市海淀区知春路51号慎昌大厦五层5378号
342,科汉照明（北京）有限公司,57372403,北京市昌平区马池口镇东联哈尔院内,1456,102200,$王君$13911005718$$,北京市昌平区马池口镇神牛环岛东100米
343,北京市铁路光电研究所,102223037,北京市丰台区科学城海鹰路9号综合楼2层2号【园区】,1457,100070,$王竹青$13381109438$63737664$,北京市丰台区科学城海鹰路9号综合楼2层2号【园区】
344,北京凯盛绿能科技有限公司,07172759X,北京市昌平区科技园区创新路７号１号楼２０７６号,1458,102200,$韩晓东$18710052063$65667069$,北京海淀清华科技大厦（无具体）
345,北京东方常明信息技术有限公司,09755640X,北京市丰台区西四环南路１０１号２００８室,1459,100069,$张淑玲$13146245821$$,丰台区西四环南路101号丰台创新大厦2008室
346,北京勤达远致新材料科技股份有限公司,91863660,北京市昌平区科技园区创新路７号２号楼２２２２号,1460,100026,$王宝刚$15811000602    $$,北京市昌平区科技园区创新路7号2号楼2222号
347,北京市天元济技术开发公司,102278118,北京市石景山区谭峪路军营内,1461,100041,$李景俊$$13601137433$,"
北京市石景山区八大处高科技园内实兴大厦４１５６室"
348,北京疆拓科技有限公司,306316913,北京市昌平区科技园区振兴路２８号２号楼Ｄ－０１６房（昌平示范区）,1462,102200,$梁栋$18800110973$60726720$,北京市昌平区科技园区振兴路28号2号楼D-016房
349,北京东方学园教育高科技有限公司,735109162,北京市丰台区宝隆温泉公寓2号楼401号,1463,100070,$吴炜强$13910053912$64227110$,北京市丰台区宝隆温泉公寓2号楼401号
350,北京斯维浩特新材料科技有限公司,76566799,北京市北京经济技术开发区经海二路２８号３幢１层１０２,1464,100176,$韩文艺$18500025616$$,"北京经济技术开发区经海二路28号3幢1层102
"
351,北京紫荆宏业科技有限公司,80452807,北京市昌平区科技园区生命园路4号院1号楼6层1单元705,1466,102200,$李之功$15011107472$18911411418$,北京市昌平区科技园区生命园路4号院1号楼6层1单元705
352,北京巨源高科技发展有限公司,634366397,北京市海淀区长春桥路6号（国家行政学院后勤楼）508室,1467,100089,$张琪$13311126559$68920360$,北京市海淀区中关村南大街12号区划所办公楼5层
353,寰飞翔（北京）科技发展有限公司,597748387,北京市昌平区科技园区富康路18号318室,1468,102200,$任方永$15699755669$$,北京市海淀区西三旗上奥世纪中心A座三单元1804
354,北京泰德晟康生物医药科技有限公司,571219217,北京市昌平区回龙观镇生命园路２９号Ｂ座２１６号,1469,102208,$林江峰$13911158990$$,北京昌平区回龙观镇生命园路29号创新大厦B座216号
355,北京新国维仕嘉科技有限责任公司,751333076,北京市昌平区科技园区昌怀路１５５号,1470,102200,$刘金仙$$68003750$,"北京市昌平区科技园区创新路９号
"
356,北京天鸿瑞达科技有限公司,690833041,北京市丰台区西四环南路101号丰台科技园创新大厦3007室（园区）,1472,100070,$朱鸿宾$13581749988$63747859$,"
北京市丰台区西四环南路101号丰台科技园创新大厦3007室（园区）"
357,北京亿家清泉环保科技有限公司,94562898,北京市昌平区科技园区超前路５号４幢６０２室,1473,102200,$李秋玲$18610153033$89780114$,"北京昌平昌平县城科技园区超前路5号４幢６０２室
"
358,北京新鸿基东方科技发展有限公司,633612509,北京市海淀区上地东里一区4号楼701-708房,1474,100085,$秦碧明$$62987788-661$,"
北京市海淀区上地科贸大厦七层"
359,北京和诚普信科技有限公司,75824165X,北京市海淀区西直门北大街60号金晖嘉园二期公建I段首钢综合楼1116号,1475,100088,$张文$13911261501$62296895$,"
北京海淀区西直门北大街甲43号金运大厦B座1106室"
360,北京博雅康泰生物工程科技有限公司,761435930,北京市海淀区林业大学北路11号3号楼5门701（住宅）,1477,100080,$王文$13910951619$13910951619$,北京市海淀区林业大学北路11号3号楼5门701
361,北京新兴超越科技开发有限公司,102666452,北京市昌平区科技园区创新路7号2号楼2321号,1479,102206,$孔庆堂$13901153052$80712591$,北京市・昌平区 沙河镇巩华城大街88号
362,华建电子有限责任公司,100026718,北京市海淀区学院路３０号科群大厦,1480,100083,$洪琳$$58930176$,北京市海淀区学院路３０号科群大厦
363,北京永嘉基业科技有限责任公司,102679173,北京市昌平区科技园区超前路5号B座3层309室,1481,102202,$曾建军$13801181556$63423171$,"北京市昌平区科技园区超前路5号B座3层309室
"
364,北京恒瑞美联科技咨询有限公司,600378349,北京市海淀区上地三街９号金隅嘉华大厦Ｄ座４０８,1482,100081,$胡海芳$13811514507$62968301$,北京市海淀区学院南路７０号办公楼２２２房间
365,北京华育天成科技有限公司,671745724,北京市丰台区南三环东路25号14号楼321005室,1483,100078,$王志明$$52201819$,?北京市海淀区彩和坊路10号1+1大厦12层
366,北京中科金美华基因科技有限公司,796722243,北京市昌平区科技园区超前路9号B座262室,1485,102200,$张丽君$$64096479$,北京市朝阳区 东三环劲松三区甲302华腾大厦
367,北京世纪网盛科技有限公司,66842345X,北京市海淀区德胜门西大街15号9号楼1层A2区,1487,100081,$李俊$13810405935$01086328871$,北京朝阳区朝阳路8号朗廷大厦三层 A座3层
368,北京易搜科技有限公司,760125674,北京市海淀区城华园1号楼2301室,1488,100083,$李春洪$13701229320$82410012$,北京市海淀区城华园1号楼2301室
369,北京惟达讯科技有限责任公司,101953126,北京市海淀区知春路锦秋知春花园9-18C号,1489,100088,$付保钢$$82356001$,北京市海淀区白石桥路3号（北京友谊宾馆６４２３２号房间）
370,北京迪普爱信息技术有限公司,599666297,北京市朝阳区酒仙桥东路９号院３号楼七层,1490,100015,$王远功$18001173862$59639190$,北京市海淀区三里河路1号西苑饭店3-5327
371,北京宇润环境工程有限公司,717750714,北京市海淀区天秀路10号中国农大国际创业园3号楼4009,1491,100091,$张震霖$13321118119$68536269$,北京海淀天秀路中国农大国际?创业园3号楼4009
372,北京立联票务有限公司,683575072,北京市昌平区昌平镇北环里５１号楼１层3号,1492,102200,$闫永利$$80112191$,北京市昌平区昌平镇北环里51号楼1层5号
373,北京兴维科技有限公司,89646456,北京市西城区德外大街11号5号楼310室（德胜园区）,1493,100036,$苏幻霞$13910817779$57128088$,北京西城德胜门北京市西城区德外大街11号5号楼310室
374,北京君屹通达科技有限公司,95179129,北京市海淀区上地三街9号C座C301-154,1495,100080,$魏林涛$13522925585$13522925585$,北京市海淀区上地三街9号C座C301-154
375,北方国通（北京）光电科技有限公司,699569945,北京市海淀区上地东路1号院2号楼409室,1497,100085,$何江$13641054801$82897797$,北京市海淀区上地东路1号院2号楼409室
376,北京四方胜拓软件技术有限公司,759638229,北京市海淀区学院路29号眷25号楼2单元705室,1498,100083,$袁衡斌$13701097567$64946157$,北京市朝阳区安惠北里逸园22号楼610室
377,北京华夏民生科技发展有限公司,802096163,北京市海淀区小南庄42号楼301室,1499,100089,$栾继国$$62539111$,? 北京市海淀区万柳东路怡秀园8号楼二层大食客中心
